{
  "users": [
    {
      "email": "rishidaryani968@gmail.com",
      "password": "$2a$10$9HuOW8geAj4WnC806aUrfOXveu0wMfZUOJodqVxuvIT/Zc2wanurO",
      "name": "Rishi Daryani",
      "id": 1
    }
  ],
  "portfolio": [
    {
      "user_id": 1,
      "user": {
        "email": "rishidaryani968@gmail.com",
        "name": "Rishi Daryani",
        "id": 1
      },
      "balance": 2776.76,
      "id": 1
    },
    {
      "user_id": 2,
      "user": {
        "email": "roshni@gmail.com",
        "name": "Roshni",
        "id": 2
      },
      "balance": 0,
      "id": 2
    }
  ],
  "holdings": [
    {
      "holdings": [
        {
          "stockDetail": {
            "ticker": "AAPL",
            "name": "Apple Inc."
          },
          "quantity": 1,
          "averagePrice": 223.24
        }
      ],
      "user_id": 1,
      "id": 1
    }
  ],
  "orders": [
    {
      "stockDetail": {
        "ticker": "AAPL",
        "name": "Apple Inc."
      },
      "quantity": 1,
      "orderType": "DELIVERY",
      "orderPrice": "Market",
      "averagePrice": 223.24,
      "orderValue": 223.24,
      "orderTime": 1737712841780,
      "user": {
        "email": "rishidaryani968@gmail.com",
        "password": "$2a$10$9HuOW8geAj4WnC806aUrfOXveu0wMfZUOJodqVxuvIT/Zc2wanurO",
        "name": "Rishi Daryani",
        "id": 1
      },
      "user_id": 1,
      "id": 1
    }
  ],
  "watchlists": [
    {
      "name": "important",
      "user": {
        "email": "rishidaryani968@gmail.com",
        "password": "$2a$10$9HuOW8geAj4WnC806aUrfOXveu0wMfZUOJodqVxuvIT/Zc2wanurO",
        "name": "Rishi Daryani",
        "id": 1
      },
      "stocks": [
        {
          "name": "Apple Inc.",
          "ticker": "AAPL"
        }
      ],
      "number_of_items": 1,
      "user_id": 1,
      "id": 1
    },
    {
      "name": "New",
      "user": {
        "email": "rishidaryani968@gmail.com",
        "password": "$2a$10$9HuOW8geAj4WnC806aUrfOXveu0wMfZUOJodqVxuvIT/Zc2wanurO",
        "name": "Rishi Daryani",
        "id": 1
      },
      "stocks": [],
      "number_of_items": 0,
      "user_id": 1,
      "id": 2
    }
  ],
  "holidays": [
    {
      "year": 2025,
      "dates": [
        "2025-01-01",
        "2025-01-20",
        "2025-02-17",
        "2025-04-18",
        "2025-05-26",
        "2025-07-04",
        "2025-09-01",
        "2025-11-27",
        "2025-12-25"
      ]
    }
  ]
}